{
    "intrinsics":{
        "fx": 532.58,
        "fy": 532.66,
        "cx": 657.195,
        "cy": 341.4405,
        "k1": -0.054291,
        "k2": 0.0249419,
        "k3": -0.00948549,
        "p1": 0.000519959,
        "p2": -0.000168326,
        "rows":1242,
        "columns":2208
    }
}