{
    "intrinsics":{
        "fx": 533.305,
        "fy": 533.22,
        "cx": 650.49,
        "cy": 355.203,
        "k1": -0.0613053,
        "k2": 0.0366379,
        "k3": -0.0146813,
        "p1": -0.000100715,
        "p2": 0.000447803,
        "rows":1242,
        "columns":2208
    }
}