{
    "intrinsics":{
        "fx": 2810.0502403212413, 
        "fy": 2810.368191925827, 
        "cx": 2659.45774799179, 
        "cy": 1506.4682591699664, 
        "k1": 0.017490663559648095, 
        "k2": -0.033434491338205564, 
        "k3": 0.0239182967753969, 
        "p1": 0.00024263145253182732, 
        "p2": -0.0003124233062363525, 
        "p3": 0, 
        "p4": 0, 
        "rows": 2988, 
        "columns": 5312
    }

}